feature,diameter_or_square_width,source_panel_x,source_panel_y,CAD_X_right,CAD_Y_away_negative_at_front,feedback_Y_toward_player
0,24.0,333.0000000000004,73.0,17.000000000000057,-121.80000000000001,121.80000000000001
0,24.0,299.0000000000005,72.99999999999977,-16.99999999999983,-121.80000000000024,121.80000000000024
0,24.0,70.588,67.844,-245.41200000000035,-126.95600000000002,126.95600000000002
0,24.0,429.977,67.844,113.97699999999963,-126.95600000000002,126.95600000000002
P1_BUTTONS_30,30.0,129.588,53.843999999999994,-186.41200000000035,-140.95600000000002,140.95600000000002
P1_BUTTONS_30,30.0,136.588,92.344,-179.41200000000035,-102.45600000000002,102.45600000000002
P1_BUTTONS_30,30.0,162.588,67.844,-153.41200000000035,-126.95600000000002,126.95600000000002
P1_BUTTONS_30,30.0,169.588,106.344,-146.41200000000035,-88.45600000000002,88.45600000000002
P1_BUTTONS_30,30.0,198.588,61.843999999999994,-117.41200000000035,-132.95600000000002,132.95600000000002
P1_BUTTONS_30,30.0,205.088,100.344,-110.91200000000035,-94.45600000000002,94.45600000000002
P1_BUTTONS_30,30.0,232.588,46.843999999999994,-83.41200000000035,-147.95600000000002,147.95600000000002
P1_BUTTONS_30,30.0,239.088,85.344,-76.91200000000035,-109.45600000000002,109.45600000000002
P1_JLF_MOUNT_HOLES,4.5,45.587999999999994,104.344,-270.4120000000004,-90.45600000000002,90.45600000000002
P1_JLF_MOUNT_HOLES,4.5,95.588,104.344,-220.41200000000035,-90.45600000000002,90.45600000000002
P1_JLF_MOUNT_HOLES,4.5,45.587999999999994,31.343999999999994,-270.4120000000004,-163.45600000000002,163.45600000000002
P1_JLF_MOUNT_HOLES,4.5,95.588,31.343999999999994,-220.41200000000035,-163.45600000000002,163.45600000000002
P2_BUTTONS_30,30.0,492.977,86.844,176.97699999999963,-107.95600000000002,107.95600000000002
P2_BUTTONS_30,30.0,492.977,47.843999999999994,176.97699999999963,-146.95600000000002,146.95600000000002
P2_BUTTONS_30,30.0,523.477,67.844,207.47699999999963,-126.95600000000002,126.95600000000002
P2_BUTTONS_30,30.0,523.477,106.844,207.47699999999963,-87.95600000000002,87.95600000000002
P2_BUTTONS_30,30.0,559.477,106.844,243.47699999999963,-87.95600000000002,87.95600000000002
P2_BUTTONS_30,30.0,559.477,67.844,243.47699999999963,-126.95600000000002,126.95600000000002
P2_BUTTONS_30,30.0,594.977,97.844,278.97699999999963,-96.95600000000002,96.95600000000002
P2_BUTTONS_30,30.0,594.977,58.843999999999994,278.97699999999963,-135.95600000000002,135.95600000000002
P2_JLF_MOUNT_HOLES,4.5,404.977,104.344,88.97699999999963,-90.45600000000002,90.45600000000002
P2_JLF_MOUNT_HOLES,4.5,454.977,104.344,138.97699999999963,-90.45600000000002,90.45600000000002
P2_JLF_MOUNT_HOLES,4.5,404.977,31.343999999999994,88.97699999999963,-163.45600000000002,163.45600000000002
P2_JLF_MOUNT_HOLES,4.5,454.977,31.343999999999994,138.97699999999963,-163.45600000000002,163.45600000000002
panel_square,4.6,6.000000000000455,122.99999999999976,-309.9999999999999,-71.80000000000025,71.80000000000025
panel_square,4.6,316.00000000000045,122.99999999999974,8.544734967894896e-14,-71.80000000000027,71.80000000000027
panel_square,4.6,626.0000000000005,122.99999999999976,310.0000000000001,-71.80000000000025,71.80000000000025
panel_square,4.6,6.000000000000512,37.99999999999977,-309.99999999999983,-156.80000000000024,156.80000000000024
panel_square,4.6,626.0000000000005,37.99999999999977,310.00000000000006,-156.80000000000024,156.80000000000024
panel_square,4.6,316.0000000000004,6.2999999999999545,8.525426741379663e-14,-188.50000000000006,188.50000000000006
